// h2 dialect
DELETE
FROM round;
INSERT INTO round (id, title)
VALUES (1, 'Тур 1'),
       (2, 'Тур 2'),
       (3, 'Тур 3');

DELETE
FROM category;
INSERT INTO category (id, title, roundId)
VALUES (1, 'Категория 1', 1),
       (2, 'Категория 2', 1),
       (3, 'Категория 3', 1),
       (4, 'Категория 4', 1),
       (5, 'Категория 1', 2),
       (6, 'Категория 2', 2),
       (7, 'Категория 3', 2),
       (8, 'Категория 4', 2),
       (9, 'Категория 1', 3),
       (10, 'Категория 2', 3),
       (11, 'Категория 3', 3),
       (12, 'Категория 4', 3);

DELETE
FROM tune;
INSERT INTO tune (id, title, author, score, categoryId)
VALUES (1, 'Название', 'Автор', 10, 1),
       (2, 'Название', 'Автор', 20, 1),
       (3, 'Название', 'Автор', 30, 1),
       (4, 'Название', 'Автор', 40, 1),
       (5, 'Название', 'Автор', 10, 2),
       (6, 'Название', 'Автор', 20, 2),
       (7, 'Название', 'Автор', 30, 2),
       (8, 'Название', 'Автор', 40, 2),
       (9, 'Название', 'Автор', 10, 3),
       (10, 'Название', 'Автор', 20, 3),
       (11, 'Название', 'Автор', 30, 3),
       (12, 'Название', 'Автор', 40, 3),
       (13, 'Название', 'Автор', 10, 4),
       (14, 'Название', 'Автор', 20, 4),
       (15, 'Название', 'Автор', 30, 4),
       (16, 'Название', 'Автор', 40, 4),
       (17, 'Название', 'Автор', 10, 5),
       (18, 'Название', 'Автор', 20, 5),
       (19, 'Название', 'Автор', 30, 5),
       (20, 'Название', 'Автор', 40, 5),
       (21, 'Название', 'Автор', 10, 6),
       (22, 'Название', 'Автор', 20, 6),
       (23, 'Название', 'Автор', 30, 6),
       (24, 'Название', 'Автор', 40, 6),
       (25, 'Название', 'Автор', 10, 7),
       (26, 'Название', 'Автор', 20, 7),
       (27, 'Название', 'Автор', 30, 7),
       (28, 'Название', 'Автор', 40, 7),
       (29, 'Название', 'Автор', 10, 8),
       (30, 'Название', 'Автор', 20, 8),
       (31, 'Название', 'Автор', 30, 8),
       (32, 'Название', 'Автор', 40, 8),
       (33, 'Название', 'Автор', 10, 9),
       (34, 'Название', 'Автор', 20, 9),
       (35, 'Название', 'Автор', 30, 9),
       (36, 'Название', 'Автор', 40, 9),
       (37, 'Название', 'Автор', 10, 10),
       (38, 'Название', 'Автор', 20, 10),
       (39, 'Название', 'Автор', 30, 10),
       (40, 'Название', 'Автор', 40, 10),
       (41, 'Название', 'Автор', 10, 11),
       (42, 'Название', 'Автор', 20, 11),
       (43, 'Название', 'Автор', 30, 11),
       (44, 'Название', 'Автор', 40, 11),
       (45, 'Название', 'Автор', 10, 12),
       (46, 'Название', 'Автор', 20, 12),
       (47, 'Название', 'Автор', 30, 12),
       (48, 'Название', 'Автор', 40, 12);

DELETE
FROM supergame;
INSERT INTO supergame (id, title, author)
VALUES (1, 'Название', 'Автор'),
       (2, 'Название', 'Автор'),
       (3, 'Название', 'Автор'),
       (4, 'Название', 'Автор'),
       (5, 'Название', 'Автор'),
       (6, 'Название', 'Автор'),
       (7, 'Название', 'Автор');